{
  "schemaVersion": "2.2",
  "description": "Install Anti-Virus Malware",
  "mainSteps": [
    {
      "action": "aws:runShellScript",
      "name": "InstallAntiMalwareInLinux",
      "inputs": {
        "runCommand": [
          "#!/bin/bash",
          "linuxPlatform='';",
          "isRPM='';",
          "curl_options='--silent --tlsv1.2'",
          "sourceurl='https://app.deepsecurity.trendmicro.com:443'",
          "",
          "if [[ $(/usr/bin/id -u) -ne 0 ]]; then",
          "echo You are not running as the root user.  Please try again with root privileges.;",
          "logger -t You are not running as the root user.  Please try again with root privileges.;",
          "exit 1;",
          "fi;",
          "",
          "if type curl >/dev/null 2>&1; then",
          "CURLOUT=$(eval curl $sourceurl/software/deploymentscript/platform/linuxdetectscriptv1/ -o /tmp/PlatformDetection $curl_options;)",
          "err=$?",
          "if [[ $err -eq 60 ]]; then",
          "echo 'TLS certificate validation for the agent package download has failed.Please check that your Deep Security Manager TLS certificate is signed by a trusted root certificate authority.For more information, search for 'deployment scripts' in the Deep Security Help Center.'",
          "logger -t TLS certificate validation for the agent package download has failed.Please check that your Deep Security Manager TLS certificate is signed by a trusted root certificate authority.For more information, search for 'deployment scripts' in the Deep Security Help Center.",
          "exit 2;",
          "fi",
          "",
          "if [ -s /tmp/PlatformDetection ]; then",
          ". /tmp/PlatformDetection",
          "platform_detect",
          "",
          "if [[ -z '${linuxPlatform}' ]] || [[ -z '${isRPM}' ]]; then",
          "echo Unsupported platform is detected",
          "logger -t Unsupported platform is detected",
          "false",
          "else",
          "echo Downloading agent package...",
          "if [[ $isRPM == 1 ]]; then package='agent.rpm'",
          "else package='agent.deb'",
          "fi",
          "curl $sourceurl/software/agent/$linuxPlatform -o /tmp/$package $curl_options",
          "",
          "echo Installing agent package...",
          "if [[ $isRPM == 1 && -s /tmp/agent.rpm ]]; then",
          "rpm -ihv /tmp/agent.rpm",
          "elif [[ -s /tmp/agent.deb ]]; then",
          "dpkg -i /tmp/agent.deb",
          "else",
          "echo Failed to download the agent package. Please make sure the package is imported in the Deep Security Manager",
          "echo logger -t Failed to download the agent package. Please make sure the package is imported in the Deep Security Manager",
          "false",
          "fi",
          "fi",
          "else",
          "echo 'Failed to download the agent installation support script.'",
          "logger -t Failed to download the Deep Security Agent installation support script",
          "false",
          "fi",
          "else ",
          "echo 'Please install CURL before running this script.'",
          "logger -t Please install CURL before running this script",
          "false",
          "fi",
          "",
          "",
          "sleep 15",
          "/opt/ds_agent/dsa_control -r",
          "/opt/ds_agent/dsa_control -a dsm://agents.deepsecurity.trendmicro.com:443/ 'tenantID:B4A289AC-4BA5-EC0C-8E56-5DEF230700AF' 'token:2E276B01-C7A2-2414-8CA1-CB182F0B3F10'"
        ]
      }
    }
  ]
}